start_north,start_east,start_tvd,start_inc,start_azi,target_north,target_east,target_tvd,target_inc,target_azi,dls_limit,inc1,inc2,inc3,azi1,azi2,azi3,md_inc1,md_inc2,md_inc3
0,0,0,0,0,0,0,0.42598721671505135,0,0,0.004381067425274401,0.0,0.0,0.0,0.0,0.0,0.0,1.0,1.0,1.0
0,0,0,0,0,0,0,899.1267659429217,0,0,0.0029440913380704113,0.0,0.0,0.0,0.0,0.0,0.0,299.4063060983306,299.4063060983306,299.4063060983306
0,0,0,0,0,0,0,176.79848172583556,0,0,0.002553356284312861,0.0,0.0,0.0,0.0,0.0,0.0,58.873749388293156,58.873749388293156,58.873749388293156
0,0,0,0,0,0,0,535.5213981925302,0,0,0.004485360639264422,0.0,0.0,0.0,0.0,0.0,0.0,178.32937032580674,178.32937032580674,178.32937032580674
0,0,0,0,0,0,0,808.2221452569585,0,0,0.004345058880752891,0.0,0.0,0.0,0.0,0.0,0.0,269.1221214087,269.1221214087,269.1221214087
0,0,0,0,0,0,0,595.5884565054004,0,0,0.0035722121861659936,0.0,0.0,0.0,0.0,0.0,0.0,198.33095773680955,198.33095773680955,198.33095773680955
0,0,0,0,0,0,0,2404.002038506841,0,0,0.002448927198369183,0.0,0.0,0.0,0.0,0.0,0.0,800.5334827742378,800.5334827742378,800.5334827742378
0,0,0,0,0,0,0,1825.2970900342511,0,0,0.0024481974819619548,0.0,0.0,0.0,0.0,0.0,0.0,607.8245418107119,607.8245418107119,607.8245418107119
0,0,0,0,0,0,0,1311.72146812729,0,0,0.0032372400490474377,0.0,0.0,0.0,0.0,0.0,0.0,436.8036853702956,436.8036853702956,436.8036853702956
0,0,0,0,0,0,0,523.854637848756,0,0,0.0016316592925739296,0.0,0.0,0.0,0.0,0.0,0.0,174.44811075058223,174.44811075058223,174.44811075058223
0,0,0,0,0,0,0,1049.6603565048931,0,0,0.003361488996082085,0.0,0.0,0.0,0.0,0.0,0.0,349.52176459170045,349.52176459170045,349.52176459170045
0,0,0,0,0,0,0,1145.7712560771035,0,0,0.0038177068278082422,0.0,0.0,0.0,0.0,0.0,0.0,381.54221055291646,381.54221055291646,381.54221055291646
0,0,0,0,0,0,0,2145.041646098009,0,0,0.0026021075017705073,0.0,0.0,0.0,0.0,0.0,0.0,714.2931418035193,714.2931418035193,714.2931418035193
0,0,0,0,0,0,0,2310.9442167834786,0,0,0.002442229991562956,0.0,0.0,0.0,0.0,0.0,0.0,769.5451076691037,769.5451076691037,769.5451076691037
0,0,0,0,0,0,0,1395.7749853877335,0,0,0.002351554304568797,0.0,0.0,0.0,0.0,0.0,0.0,464.79039148863865,464.79039148863865,464.79039148863865
0,0,0,0,0,0,0,781.6052872014656,0,0,0.003962145411836268,0.0,0.0,0.0,0.0,0.0,0.0,260.2798943176957,260.2798943176957,260.2798943176957
0,0,0,0,0,0,0,1413.9925951992118,0,0,0.0036371521665893806,0.0,0.0,0.0,0.0,0.0,0.0,470.8600105632625,470.8600105632625,470.8600105632625
0,0,0,0,0,0,0,429.8741820602156,0,0,0.0021710393911692784,0.0,0.0,0.0,0.0,0.0,0.0,143.1484079373047,143.1484079373047,143.1484079373047
0,0,0,0,0,0,0,278.98286204978723,0,0,0.004400443672487719,0.0,0.0,0.0,0.0,0.0,0.0,92.90153935733923,92.90153935733923,92.90153935733923
0,0,0,0,0,0,0,2018.9588408290267,0,0,0.0017559848136250561,0.0,0.0,0.0,0.0,0.0,0.0,672.3236032792238,672.3236032792238,672.2946417101836
0,0,0,0,0,0,0,1049.7849257744315,0,0,0.0022149543442790145,0.0,0.0,0.0,0.0,0.0,0.0,349.5753850645017,349.5753850645017,349.5753850645017
0,0,0,0,0,0,0,1859.855645954705,0,0,0.0041937730043586224,0.0,0.0,0.0,0.0,0.0,0.0,619.3556853414188,619.3556853414188,619.286291969248
0,0,0,0,0,0,0,1993.3645271026176,0,0,0.0023490704877928517,0.0,0.0,0.0,0.0,0.0,0.0,663.7890083908231,663.7890083908231,663.7890083908231
0,0,0,0,0,0,0,1225.6709232924609,0,0,0.004388429370501216,0.0,0.0,0.0,0.0,0.0,0.0,408.14062800908977,408.14062800908977,408.14062800908977
0,0,0,0,0,0,0,895.5280709492772,0,0,0.0032144148666178435,0.0,0.0,0.0,0.0,0.0,0.0,298.2011551436787,298.2011551436787,298.2011551436787
0,0,0,0,0,0,0,1909.3880044687808,0,0,0.004362691089371776,0.0,0.0,0.0,0.0,0.0,0.0,635.8268072943496,635.8268072943496,635.8268265342833
0,0,0,0,0,0,0,1821.373810195738,0,0,0.0021012533804478056,0.0,0.0,0.0,0.0,0.0,0.0,606.5269738537243,606.5269738537243,606.5269738537243
0,0,0,0,0,0,0,974.73564701503,0,0,0.0019893646762852886,0.0,0.0,0.0,0.0,0.0,0.0,324.5738110974437,324.5738110974437,324.5738110974437
0,0,0,0,0,0,0,2042.1284625657065,0,0,0.004238070865709921,0.0,0.0,0.0,0.0,0.0,0.0,680.0438644329554,680.0438644329554,680.0006226634057
0,0,0,0,0,0,0,1900.0926334611559,0,0,0.002821837200849592,0.0,0.0,0.0,0.0,0.0,0.0,632.731471137421,632.731471137421,632.731471137421
0,0,0,0,0,0,0,1411.9622432011097,0,0,0.0032653990252556947,0.0,0.0,0.0,0.0,0.0,0.0,470.1838971030061,470.1838971030061,470.1838971030061
0,0,0,0,0,0,0,124.80322850022485,0,0,0.003511581382850368,0.0,0.0,0.0,0.0,0.0,0.0,41.60105120602442,41.60105120602442,41.60105120602442
0,0,0,0,0,0,0,450.6759315499909,0,0,0.002496994275200482,0.0,0.0,0.0,0.0,0.0,0.0,150.07225931643399,150.07225931643399,150.07225931643399
0,0,0,0,0,0,0,2234.9389015140737,0,0,0.0021837367155122583,0.0,0.0,0.0,0.0,0.0,0.0,744.2354041076741,744.2354041076741,744.2354041076741
0,0,0,0,0,0,0,2317.4327344782896,0,0,0.004073491339203189,0.0,0.0,0.0,0.0,0.0,0.0,771.7035029281161,771.7035029281161,771.671715155021
0,0,0,0,0,0,0,1236.4816449849566,0,0,0.003964915294301121,0.0,0.0,0.0,0.0,0.0,0.0,411.73682491585004,411.73682491585004,411.73682491585004
0,0,0,0,0,0,0,1043.8227778403173,0,0,0.0020349692701427547,0.0,0.0,0.0,0.0,0.0,0.0,347.60323207242294,347.60323207242294,347.60323207242294
0,0,0,0,0,0,0,2492.692702969942,0,0,0.0020348211294597997,0.0,0.0,0.0,0.0,0.0,0.0,830.0959480444251,830.0959480444251,830.0105916914458
0,0,0,0,0,0,0,952.3285439226897,0,0,0.0038166352539597335,0.0,0.0,0.0,0.0,0.0,0.0,317.1161019462719,317.1161019462719,317.1161019462719
0,0,0,0,0,0,0,1023.8206032856606,0,0,0.0027199642388366077,0.0,0.0,0.0,0.0,0.0,0.0,340.91809334295317,340.91809334295317,340.91809334295317
0,0,0,0,0,0,0,684.7668484144561,0,0,0.0036240560423369747,0.0,0.0,0.0,0.0,0.0,0.0,228.02654278219245,228.02654278219245,228.02654278219245
0,0,0,0,0,0,0,2452.3960239338176,0,0,0.0036740529630791443,0.0,0.0,0.0,0.0,0.0,0.0,816.6486726063554,816.6486726063554,816.6486726063554
0,0,0,0,0,0,0,1293.0583735824002,0,0,0.0022390844699031083,0.0,0.0,0.0,0.0,0.0,0.0,430.58886714571315,430.58886714571315,430.58886714571315
0,0,0,0,0,0,0,1337.9554566218715,0,0,0.0032199919186568947,0.0,0.0,0.0,0.0,0.0,0.0,445.5325567457854,445.5325567457854,445.5325567457854
0,0,0,0,0,0,0,1748.3860231162596,0,0,0.0039748404113860505,0.0,0.0,0.0,0.0,0.0,0.0,582.2022667226266,582.2022667226266,582.2348682274933
0,0,0,0,0,0,0,1137.9148152162943,0,0,0.003820910085502765,0.0,0.0,0.0,0.0,0.0,0.0,378.92410139487737,378.92410139487737,378.92410139487737
0,0,0,0,0,0,0,2068.5640439379786,0,0,0.0022847628427959885,0.0,0.0,0.0,0.0,0.0,0.0,688.836183791875,688.836183791875,688.836183791875
0,0,0,0,0,0,0,1922.5537394297176,0,0,0.004111296493495054,0.0,0.0,0.0,0.0,0.0,0.0,640.21665640015,640.21665640015,640.1692451696075
0,0,0,0,0,0,0,64.36648418900876,0,0,0.004042644675091603,0.0,0.0,0.0,0.0,0.0,0.0,21.455481856374472,21.455481856374472,21.455481856374472
0,0,0,0,0,0,0,664.6415659916829,0,0,0.003826935117970585,0.0,0.0,0.0,0.0,0.0,0.0,221.32766218483673,221.32766218483673,221.32766218483673
0,0,0,0,0,433.19902692947784,223.81112807300323,3554.928441873639,0,0,0.0026205611457724874,0.204394143860717,0.21490377365252117,1.5576855763758333e-07,0.4768908228254916,0.4768653742544532,6.283185307179586,1067.7480037074254,1067.5114797069532,1458.1202420045886
0,0,0,0,0,64.90157321463592,11.023880775406697,3197.5685723277497,0,0,0.0021774301228104035,0.021815601577301457,0.040935669846963,4.147825478145706e-08,0.8344100697604452,0.1120236308083921,6.283185307179586,192.5580813513207,319.7291447610066,2683.0027840289163
0,0,0,0,0,189.29975946614712,460.5949828193174,3027.0657464936457,0,0,0.0038346215607902748,0.18945503886799675,0.22870891962224038,1.3834393796178907e-07,1.1824259185327537,1.1799219822045426,6.283185307179586,319.3668921789928,1642.491213984144,1109.612592255458
0,0,0,0,0,684.5573095978531,508.76843910147204,3315.976745765403,0,0,0.0017547573154515985,0.35609058870589194,0.43103250651906894,1.4824491328568957e-07,0.6350685158342922,0.6407930196467329,0.0,583.6252929970101,821.3993893924043,2045.6644585897595
0,0,0,0,0,27.296194147143627,658.3262399485511,2538.7236188228685,0,0,0.002576838681466552,0.4189152282737262,0.35156076168598016,0.0,1.5293588880873807,1.5293531541517897,0.0,1411.6855427854916,756.1896262690112,474.5076144409405
0,0,0,0,0,50.841080502172815,293.488365626267,3255.3179542839384,0,0,0.0032889064842875244,0.0,0.2779645526307559,3.5678751796002364e-08,6.1112252112683745,1.39926836436855,0.0,1127.0876997195865,700.3339160889595,1452.278182254903
0,0,0,0,0,464.12807270427646,192.17857016186545,3957.490354874596,0,0,0.0038124186417502295,0.4390639704806944,0.0,1.35125124350414e-06,0.3925720037515972,2.4391284468625343,0.0,634.367690956675,1685.4943317411075,1707.5149654888012
0,0,0,0,0,66.54815684549357,40.91978840161789,3775.7264059387458,0,0,0.0033621571524897744,0.03462047810612364,0.03195607665631743,2.997185985246892e-08,0.41937949969827865,0.8679431831212024,0.0,2295.132734482246,944.3724285727592,533.5047246487364
0,0,0,0,0,400.82528502805604,290.6096023767752,3950.495519863435,0,0,0.0033087731893045413,0.18126946739232544,0.1594326377807067,1.205748979611227e-07,0.6273981274361582,0.6272193011690514,6.283185307179586,1494.8311705934898,1793.793568142409,695.0317817865681
0,0,0,0,0,294.8995118494775,381.88774196225256,2406.101679896231,0,0,0.004497366330806406,0.2914161575971161,0.2058862075691714,1.1551429260723625e-08,0.9132521802332714,0.913167402443921,0.0,1139.5403969386944,1266.4991845451193,53.42980475877002
0,0,0,0,0,604.6450922074991,384.0643200726462,3131.009042658314,0,0,0.0038056087652550614,0.3751766795940763,0.35452230912154775,3.3829732915251485e-07,0.5658900538576285,0.5658977259134123,0.0,1490.1658505362532,736.3386084255329,1005.4949635259271
0,0,0,0,0,426.25264256424884,664.873410393242,3501.181657079068,0,0,0.0020280807402413086,0.42443841757472733,0.42275050853619706,1.0133212091237522e-07,1.0007058647708087,1.000695262525556,6.283185307179586,1802.220696355255,170.0553981602806,1642.5505269172788
0,0,0,0,0,715.0848647551347,424.3873303520432,2947.7666642499007,0,0,0.0024540651986984423,0.47556736585307613,0.47624141201675346,2.0878690649718825e-07,0.5356013717506524,0.535619326365524,0.0,1300.1826888922017,478.9423690070567,1316.5901623837594
0,0,0,0,0,687.1840344512799,420.7994177598244,2698.2665170670543,0,0,0.0020444724047128265,0.47402562695105854,0.49564998542261585,1.692500354541318e-07,0.5490555122440431,0.5497571176908735,0.0,957.9539167322896,550.2133104964197,1340.544264353844
0,0,0,0,0,594.0484070989914,317.07857899195335,2027.111635607832,0,0,0.0024111146806838155,0.5277710687486905,0.516336478556168,8.427276981030435e-08,0.4911291948546396,0.489344845596706,0.0,901.0948475160059,491.0683365427286,773.5179114502488
0,0,0,0,0,287.79691692020674,166.53939147633938,2862.5781322141397,0,0,0.004070243828902861,0.17343460745657144,0.21028690041419418,3.2801907255323117e-07,0.5239707353585666,0.5247726668740795,0.0,442.12416781137796,441.6671920907457,2000.983898634278
0,0,0,0,0,682.2662911762208,609.945070847198,3282.0350788723013,0,0,0.004458272317578656,0.4399507576742517,0.3817828606228219,3.838524262388885e-07,0.7294689946856507,0.7295265781420898,0.0,1692.1114422323049,1038.1027201206266,706.1540339265431
0,0,0,0,0,505.56085185119457,127.69700657529847,3047.198691678265,0,0,0.002565384752260789,0.28840455874771626,0.2562239650710178,9.458305020135059e-08,0.24740419146451786,0.24742066560988293,0.0,1659.8406934909108,702.5745602992407,738.6360725172772
0,0,0,0,0,619.8631449165886,218.1977803058811,3302.4055312284972,0,0,0.0015049752592599002,0.24613468783087813,0.25079707543506474,2.987294936682628e-08,0.3356269242983188,0.3411695545060257,0.0,670.1041709181378,1956.4646142358397,747.1836705346215
0,0,0,0,0,229.43983584621716,273.2404552100697,3666.5651278793057,0,0,0.002860604822009459,0.4564143634570883,2.6851605991507808,7.990955772572121e-09,2.5178934403768234,5.659525475414242,6.283185307179586,3508.4204456866682,801.2320901688199,693.9944207113349
0,0,0,0,0,432.76326341297045,94.65817405286798,2444.5986214881755,0,0,0.0022122272758084306,0.3391710983190272,0.32839109742078765,6.312199729064055e-08,0.21517259147222373,0.21560622829675988,0.0,1453.987879542036,174.56022008644155,866.4534055943967
0,0,0,0,0,711.259067923169,629.8841677366752,3617.990854705212,0,0,0.003810043099730125,0.47894889991388157,0.35306826550711307,1.2352449226587345e-07,0.7247961107991532,0.7247998806733837,0.0,3028.4272252750256,466.81094723367727,279.46719818549815
0,0,0,0,0,419.9895259226247,748.3658597504274,3554.5160908363414,0,0,0.004054760657013122,0.2890018489342842,0.3665413113957963,4.362434639335605e-07,1.059394397229022,1.0593860102497838,6.283185307179586,416.07111297908506,1470.3760401075294,1788.7225512993957
0,0,0,0,0,442.3167893165376,269.4695636222207,2002.193139384261,0,0,0.0018172036300570145,0.44210992248970976,0.44182672224801045,4.317843967177936e-08,0.5471719291632258,0.5471751869375442,0.0,894.8703587711892,302.2297159960194,889.6676238666718
0,0,0,0,0,407.8309446519033,312.9364919052845,3569.997492894849,0,0,0.004402098730013685,0.21622887660537563,0.20864466339310278,3.2641995459764233e-07,0.6545079257071127,0.6544774313110345,0.0,1309.5058343134824,1244.4828042026363,1058.261733824029
0,0,0,0,0,167.21121994031333,166.34044149375765,3396.150480341993,0,0,0.0029631118533842375,0.13636923895710168,0.13121297442182028,5.39565334370172e-08,0.7883958381638618,0.7701257829630905,0.0,2303.94383667318,98.08399589891569,1001.6124089621658
0,0,0,0,0,605.1944733371844,105.8070163769412,3240.683121476638,0,0,0.0038885441369966157,0.0,0.5888234575450066,6.356033249079737e-07,4.011990056977201,0.1730822113931987,0.0,1215.7526504146085,899.8981054135579,1243.4580634712995
0,0,0,0,0,39.18596220941123,351.81427687129633,3936.73157626554,0,0,0.002464006304890234,0.1749261030887437,0.1725643508120978,1.6885263578853597e-08,1.4599095311328851,1.4598106601843608,6.283185307179586,2327.55199441176,120.75713248991254,1505.6215078977054
0,0,0,0,0,372.5606716573018,588.3846589980272,3062.1774913461154,0,0,0.0015810918724976128,0.3246920868125488,0.3976640308977419,8.650640885719395e-08,1.0063279010121315,1.0063275639932452,6.283185307179586,486.7826277122052,589.3179195551116,2084.162177459821
0,0,0,0,0,542.511144624917,74.57516527830666,3904.836604779217,0,0,0.004051803597409606,0.21652376541829668,0.20350408105816473,3.740621043347501e-07,0.13660922998920902,0.13660371612670025,6.283185307179586,1586.306582854398,1272.994991353536,1089.4976818804128
0,0,0,0,0,522.3353909524108,345.7797824939919,3934.642722936407,0,0,0.003024548562572096,0.3008383230784378,0.2588400654402795,1.090226019373454e-07,0.5847583477156452,0.5847486895587768,6.283185307179586,3104.3688882538972,321.1365159509959,570.6850603562948
0,0,0,0,0,61.97431629920228,1.7510959312870278,2113.87686887297,0,0,0.0032415899980426707,0.014660570481426419,0.029321140962852838,0.0,0.014123835968053776,0.02824767193610755,0.0,704.928625147721,704.928625147721,704.928625147721
0,0,0,0,0,562.8036676409475,434.3081199521761,3314.797645943322,0,0,0.0027371762687312057,0.3622651736813725,0.38791336357994183,3.085722149599375e-07,0.6570426948658983,0.6573411584331517,6.283185307179586,993.09305881662,394.34455035603327,2023.4261413752401
0,0,0,0,0,151.39680663196597,225.36206058321977,3207.428865227078,0,0,0.003060037773084879,0.38666160057442783,0.0,4.873264186511875e-07,0.9792537475795089,5.167522182462829,6.283185307179586,516.4122126079741,901.1709151729732,1821.7238456165735
0,0,0,0,0,550.4261810790728,432.74529975192473,2031.1586555457386,0,0,0.00444100460280401,0.4799964473877716,0.4039122622011392,1.2910473208636226e-07,0.666397656033349,0.6660557211692918,0.0,841.9410064081277,1036.7889054021432,290.0475928085191
0,0,0,0,0,213.72026205928034,145.02926036720677,3765.103922062627,0,0,0.003090526262942747,0.13582223645480668,0.11883908284817912,2.8557020219850325e-08,0.5962029560845535,0.5964247661562118,6.283185307179586,3551.282811120411,58.72603716357599,163.10229362742643
0,0,0,0,0,343.3177536928301,308.4195641779028,2181.1251342876235,0,0,0.003817502269706398,0.16649714528145387,0.2662404393034285,1.9118973727362143e-08,0.7319053142203292,0.7319013662957565,0.0,43.56078739525633,2043.8828107956635,141.85346167463405
0,0,0,0,0,652.3002740653474,736.4968458187134,3715.36123916256,0,0,0.0031015769536199876,0.45048175290921877,0.47602570538174965,5.049331798672442e-07,0.8460044102686942,0.8459182141239809,6.283185307179586,1218.991243266981,426.0344810307115,2235.8552010983117
0,0,0,0,0,727.7631880715052,454.33806785766524,2155.3047897492256,0,0,0.0031925192021693177,0.7552372243634075,0.0031998122858343625,4.911527913448934e-07,0.5582308972530609,0.524968667793784,6.283185307179586,529.5732578067974,1842.459064424562,1.002023841775461
0,0,0,0,0,699.72129870267,602.6890481225623,2710.2199285876395,0,0,0.002885680475073727,0.39839498999760853,0.5029084036567888,2.8649721085281513e-07,0.7111299340365456,0.7109880974546143,0.0,325.4228833591681,1196.0592042969763,1371.5433195995345
0,0,0,0,0,557.3776029750495,189.7424368858995,2083.884504310967,0,0,0.0030018749181726836,0.49543260693868113,0.4119581337842914,7.20601673275926e-08,0.3277546625003843,0.32920773813701093,6.283185307179586,1464.9085298718903,364.3233595729443,358.8125515994506
0,0,0,0,0,273.32804739643814,360.4398895143161,2703.307452313575,0,0,0.003921769500960707,2.979424906394438,0.16219322348004075,4.552835939784139e-06,1.2206249303142957e-07,3.1411886509638967,6.283185307179586,944.3901463781318,617.369604931918,2682.964021671598
0,0,0,0,0,488.2475880702752,233.8590723430243,3015.205436009628,0,0,0.004349904013065595,0.6138541508018102,3.1415731951814876,2.9795312393659897e-06,0.011798524297894625,2.922393574799088,2.2194569762815322e-05,3317.6530414765407,456.32084282816834,1331.907624187716
0,0,0,0,0,473.8581008034035,747.3917762505527,2630.7265901751616,0,0,0.0024993065033497896,0.4327574635504575,0.5538238148304967,1.831657089502344e-07,1.0068734443487668,1.0053516362640242,6.283185307179586,356.8299569464916,713.368193029177,1742.0416818844744
0,0,0,0,0,705.8716846899465,586.9186644077374,3905.8905482285077,0,0,0.0021697624142108015,0.0,0.7352969141263033,4.0960533356738336e-07,2.285973863947153,0.6936442206459956,0.0,1523.9496451023667,380.16986820281886,2226.5485508538477
0,0,0,0,0,506.39255352164827,460.36222409950864,2490.207981404384,0,0,0.003553012841529366,0.3996628198045445,0.4059945784085543,2.1066629850250096e-07,0.7393830300978156,0.7363544313969754,6.283185307179586,830.8211954712926,859.158956576251,913.350527680219
0,0,0,0,0,266.3970092107693,81.58779053387671,3513.956032228346,0,0,0.004384370620497468,0.07977484760390617,0.07972150745081827,0.0,0.29649687131699093,0.2978928845905575,6.283185307179586,28.686581846123858,3466.097088068823,26.732588018970176
0,0,0,0,0,460.1795556732266,121.3511621877654,3207.03370536264,0,0,0.002744239445402787,0.2824185232353224,0.22346901800756816,3.273928267551933e-08,0.2577810675903556,0.25822673064597396,0.0,2737.542979911322,246.40185619902144,266.21942680802346
0,0,0,0,0,611.8442616564531,627.554423655909,2544.6296802322927,0,0,0.0023070803901880993,0.2390537204073299,0.5700252817098241,1.5585315898555947e-07,0.7981003395416926,0.7980678407345418,6.283185307179586,103.25833742336776,1198.3022426731643,1418.893373779431
0,0,0,0,0,356.5326222144459,55.166755033038335,2119.551525824325,0,0,0.0021535254057834254,0.3209170720705281,0.25682000388447346,1.0952222907391068e-08,0.15338407926956654,0.15432465729127448,0.0,1766.9684477022363,186.5585384148655,204.08154936140826
0,0,0,0,0,2175.898635939959,2759.615182582811,2143.010960848156,1.5707963267948966,0.9031199670132267,0.0026765830531685587,1.2252611688697663,0.6085055178384023,1.5707943821698636,0.9031216323332731,0.9031193284377999,0.9031199611227805,463.32180310799447,430.249849318708,3429.762472187182
0,0,0,0,0,2332.7806259202725,2047.1367423352497,3252.0973204908973,1.5707963267948966,0.7202736596676221,0.0027772319017653306,0.3834591125490167,0.5955533792208153,1.5707942378941924,0.7197615584932477,0.7204477762009072,0.7202736836933987,130.80038309855183,2357.061512744233,2320.282559033562
0,0,0,0,0,1113.3165832697628,1539.1099864272564,3024.7873201393095,1.5707963267948966,0.9445699204345064,0.0031568048602725477,0.6942949801510813,0.19346995032388178,1.5707948867653692,0.9446124338508655,0.9444497591274152,0.9445699154791045,1100.8419781015282,1373.3791805461542,1329.083228051974
0,0,0,0,0,1719.4834785199655,2150.909721414313,2390.9945115464993,1.5707963267948966,0.8964082272746771,0.0036401236901313803,1.4189987404672841,0.8928362450605722,1.5707953776000005,0.8964074761305602,0.8964095954825074,0.8964082193910352,2898.1495693409224,142.69385724651576,959.2707451682381
0,0,0,0,0,2860.3458823474357,2818.704526046373,3994.796249099595,1.5707963267948966,0.778065844250672,0.0017661413521669355,1.5761362857122088,0.0,1.5707963256438322,0.7780658381955289,5.445339266100198,0.7780658396476043,3940.264073232962,1446.9041556140453,900.5398264470149
0,0,0,0,0,1311.1904683885539,1342.3112699224594,2801.125105685156,1.5707963267948966,0.7971258266231316,0.004022475182656403,0.791494095479816,0.3475048016014418,1.5707949839425552,0.7971316452718868,0.7971052125407285,0.7971258277062282,1319.658685246574,1401.1257422093001,818.9334756805392
0,0,0,0,0,1756.7705862603395,2088.178507908856,3372.125424345287,1.5707963267948966,0.8713787184611304,0.0027457496464833673,0.8139939212617887,0.1252382965268927,1.570793584252617,0.8701008857501843,0.8747922346857302,0.8713787083972959,1192.0915752933013,628.15229160086,2897.1145781473856
0,0,0,0,0,2929.575476152594,1632.6567148493323,3073.5421920625035,1.5707963267948966,0.5084316564832552,0.004415698619000535,0.9809940941706763,0.31854661041372634,1.5707887867530301,0.5084411855572716,0.5084232068270307,0.5084316563984502,804.4528598415329,647.9436780479763,3430.3323707973104
0,0,0,0,0,2048.855361900616,2700.6043282395185,3882.1464860789956,1.5707963267948966,0.9217723197298325,0.0031595475806131886,0.8698510942876467,2.4888927527905107,1.5707961465302054,1.0494783332826614,4.301122111248579,0.9217722591554022,5843.889193563271,1401.0311081404025,885.0715282868821
0,0,0,0,0,2522.079468116496,1096.6421560401664,3849.6247215305616,1.5707963267948966,0.410155973078671,0.004457958088148509,0.6429005778602049,0.05235838119326457,1.570786779667244,0.40955745701540996,0.41267338020795624,0.4101559276417365,307.28665544585357,1712.314986716973,3158.887058746591
0,0,0,0,0,2927.5634198663474,2320.6620111907177,2580.288248665722,1.5707963267948966,0.670270171678564,0.004269033505053867,1.0784735177808438,0.6325931891887632,1.5707918875314306,0.666443014501568,0.6729294566237162,0.6702701275650553,446.8318747306951,1591.6372470335957,2700.915882974008
0,0,0,0,0,1594.0491179205287,2660.856865400414,2977.515476210637,1.5707963267948966,1.0310582768462075,0.004108212117328782,0.5994836517219941,2.5930706649300266,1.5707977554097652,0.9951765281646346,1.102133019303073,1.0310583242055869,3332.3575540026677,2304.473541396323,232.23188027049753
0,0,0,0,0,1318.8470910762082,1444.8328331764283,3396.3607666306116,1.5707963267948966,0.8309528526907591,0.001750945666603917,0.04290342156019661,0.0,1.5707945565797359,3.9730674664884593,1.691059222862152,0.8309528572705968,856.8816916186846,548.8971728261366,3120.408598187902
0,0,0,0,0,1382.0395205514183,2243.009215507419,2561.100169737779,1.5707963267948966,1.0185833485554718,0.003495204470041154,0.33608277133696185,2.7016907069085345,1.5707963137898524,2.898866403350044,0.12181228135970014,1.0185833696960602,2313.570449718716,3654.507863619746,514.1638922005949
0,0,0,0,0,1176.4015278963486,1291.536481930081,2737.7781595441356,1.5707963267948966,0.8320166499766922,0.0034445830038808563,0.06640359079788931,0.0,1.5707902380498417,3.974006594109972,6.226371356630477,0.8320166715331078,276.8722427615651,678.2900271665862,2794.2813560728155
0,0,0,0,0,1142.3293435940473,1270.8655438443122,3351.302396298104,1.5707963267948966,0.8386117903258195,0.003913686117765713,0.6621464965272637,0.0,1.5707939809604965,0.8386117919325493,4.12592877420979,0.8386117853264619,1345.6944626205352,1346.394252593188,1331.6973993072106
0,0,0,0,0,2705.4904919477576,2773.48495682073,3114.6084491379906,1.5707963267948966,0.7978075956400561,0.003687170253857205,2.208388021870205,0.9248616257481806,1.5707963687654982,1.7177358473151987,4.872069512893446,0.7978075160540373,2629.9825850622174,3260.3927848194467,2253.0758403985174
0,0,0,0,0,1851.8664677362754,1908.314220796451,3748.204185559067,1.5707963267948966,0.8004090147269053,0.002191654450439044,0.0,1.1562572718823432,1.5707956143991375,4.927526125522225,0.8004090134540278,0.8004090095289739,2840.21491477462,509.5472469183396,2459.7359736739218
0,0,0,0,0,1624.3791731672184,2146.2644332398568,2549.4169397558317,1.5707963267948966,0.9229318528423249,0.0015279299282657524,0.0,0.8612306558049726,1.5707958337284043,4.117736342012017,0.9229318526433913,0.9229318475350128,815.7167400778297,1005.872178708346,2484.2115201246397
0,0,0,0,0,1275.3546337675286,1736.9127540168402,3757.969122755627,1.5707963267948966,0.9374417622733341,0.0031480948966384568,0.5417296314665908,0.0,1.5707927640696024,0.9374417709146506,2.103994352102229,0.937441757626845,1650.8216286368256,676.7581898396751,2415.7243013204484
0,0,0,0,0,2097.2246771312075,2562.225571601548,3108.6025709855357,1.5707963267948966,0.8848661910790776,0.004301686621913277,1.5708651359999801,1.570862622665254,1.5707400794250945,0.8834425169394261,4.026215045242595,0.8846470412742068,5182.542127607441,568.4569577371603,613.4929578111514
0,0,0,0,0,2969.117538343251,2380.549864322633,2770.684389292224,1.5707963267948966,0.6758193806509589,0.0020579420880975133,0.16133860138899614,2.8971254439448595,1.5707973293769018,2.67080757559201,6.283185307179586,0.6758192227099681,2617.6488895551747,5357.282803552335,540.3618365484261
0,0,0,0,0,1642.4491688502505,2974.5457023834565,3952.498862480141,1.5707963267948966,1.066290092411321,0.0015451636044433376,1.135186307197354,0.5494585326037078,1.5707960580754152,1.0662884556778736,1.0662965354503786,1.0662900896384535,3418.277863258948,1197.2076597660525,924.978928588911
0,0,0,0,0,1763.9355137508446,1441.9437401070145,3996.7644665036887,1.5707963267948966,0.6852959673093949,0.002058811171785464,0.7481702415091241,0.2601158133944728,1.5707956598315007,0.6855910598011531,0.6841108108611829,0.6852959628981092,2401.272095352514,1438.4241359884466,990.4253713174147
0,0,0,0,0,2919.399185279043,2143.883452548008,2234.0674322265336,1.5707963267948966,0.6334146844313736,0.004357460102752142,1.2243673212046962,0.9890789449427528,1.5707960202540747,0.6334140436912804,0.6334155710315875,0.6334146794286233,935.4171188977575,3238.4943556699104,237.25841319599576
0,0,0,0,0,2493.3332681508946,1585.6923952071834,2501.1340650578004,1.5707963267948966,0.5664510576604577,0.004039247835103827,0.4409471329418724,2.6996281147540317,1.5707625061247201,3.147009843861289,0.006648062610659089,0.5665031223304826,2274.4920827797323,3988.9747950600886,1308.3447788081903
0,0,0,0,0,1807.6788818087039,2998.8232929987,2885.4623581194946,1.5707963267948966,1.028323431964516,0.0030550366314543802,0.7162543576689222,0.3020465747713648,1.570792169415968,1.0280537346763106,1.0283840763636563,1.0283234237114953,230.6179167338676,302.0771744465879,4349.533381414998
0,0,0,0,0,2591.2353424251496,1767.3790188945654,2276.1095049887804,1.5707963267948966,0.5985842267223688,0.0019856817427329715,1.1141682377688702,0.8044385934186037,1.5707959429333802,0.5985902010432665,0.5985771588360018,0.5985842217884233,723.0811854561313,2363.0715632735973,931.6648588947003
0,0,0,0,0,2470.1160653430643,1751.1566054199807,3291.0042320443135,1.5707963267948966,0.6166987839278739,0.0017472079679994967,1.210662584333368,0.5992819869691364,1.5707961020986387,0.6166975220732334,0.6167039477829672,0.6166987789304528,3063.066621112479,944.9768913924604,769.4005408397983
0,0,0,0,0,2829.8317388645933,1381.5458121860058,3289.787554214983,1.5707963267948966,0.4541693911032708,0.0018786438941486747,0.9665765170282086,0.3125622388241607,1.5707952921081123,0.4533684243555617,0.4553964574462808,0.4541693849881403,1349.2080254913424,792.6310682180055,2748.319883172677
0,0,0,0,0,2604.110739000156,2805.0464790765163,3072.6089782130216,1.5707963267948966,0.8225284191982529,0.004271995110311646,1.0214359198706746,0.8622523090337242,1.5707958763340886,0.8225278740686991,0.8225291365631066,0.822528417498412,739.953572072761,4034.0897977320087,237.58989252636422
0,0,0,0,0,2046.182580144875,1107.3530864106751,3892.1277652639765,1.5707963267948966,0.4960464073885853,0.003205660358551122,0.0,0.7180284579597683,1.5707934421165808,4.677944916628876,0.49604640664366717,0.4960464032288779,1721.545520766861,1462.2291185006693,2060.5622115853394
0,0,0,0,0,1392.9633661966059,2273.240120092324,2197.795592688197,1.5707963267948966,1.0210431880114592,0.003735084505440165,3.137358941614052,0.0897808541380075,1.5707938712441567,2.493466202556114,0.1310691092599513,1.02104357281701,735.599462711155,632.1153329306793,3563.157092179475
0,0,0,0,0,1132.6927890017946,1321.0774163171986,2331.4632653253457,1.5707963267948966,0.8620213966087515,0.0034961901074894454,0.6308828889241743,1.3174678815599328,1.5707952780549055,0.8620309249058882,0.8620097461243308,0.8620213922221998,1631.6187861603632,1443.3647553293054,71.0594664385979
0,0,0,0,0,1469.8957304264668,2377.697144808256,2295.0560036952525,1.5707963267948966,1.0171008289151955,0.0015128840676234502,1.5353024132172408,0.8469385837055644,1.5707962573818242,1.0170991802601483,1.0171029768539657,1.0171008164268198,2968.0027177781576,537.5416117138773,477.95376280263685
0,0,0,0,0,2567.3953919938517,2303.325050675949,3607.80101085234,1.5707963267948966,0.7312353209322809,0.0025561229948718924,1.302000856211482,0.6601512141231387,1.570795961030705,0.7309419553491997,0.7328028973786943,0.7312353224622131,3856.561181189331,867.260158444846,646.7425247489399
0,0,0,0,0,2752.121644920766,2107.2336866032247,2979.0450661643,1.5707963267948966,0.6534585375152407,0.0020899886665494806,1.3213026201472853,0.7906745246358358,1.5707961138238815,0.6534433911847237,0.6535021158577154,0.6534585374546413,2660.5061865137272,1692.73441854392,542.5128675100535
0,0,0,0,0,1828.8112148767782,2039.4855008431934,2059.36174157586,1.5707963267948966,0.8398061829387783,0.002706984979014562,0.6600832058832817,0.5071146029623321,1.5707947658945227,0.8399298029462877,0.8397755740275222,0.8398062248227509,238.76458797394767,528.7048604279768,2883.3302933194
0,0,0,0,0,2110.3397485848764,1962.0229834591696,2393.294791029669,1.5707963267948966,0.7489939309498179,0.003864304758404912,1.869843170156683,0.0,1.5707974867392698,0.7489939287064425,2.439403224736565,0.7489939259584063,2125.510974632808,549.1017941873935,1609.656338646645
0,0,0,0,0,1609.1265282257964,2447.7340669478626,2943.7017835222655,1.5707963267948966,0.9892405247794336,0.0032011554013049136,1.1263665618797811,0.4890123696102281,1.5707947916051426,0.98901906206497,0.9897238701371489,0.9892405190417403,1970.7685322437449,800.8734408326098,1665.9371767507148
0,0,0,0,0,2988.818898803327,1412.6065490803487,2809.141370755427,1.5707963267948966,0.44151314721673107,0.0028810118750836186,0.8026441253816449,0.68206933216887,1.5707950875861165,0.44251577365744255,0.4407702554186176,0.4415131410763236,268.61951692638496,2511.757968255129,1721.5656136051937
0,0,0,0,0,1316.7053373367364,1144.2508036948266,3914.705775685057,1.5707963267948966,0.7154363018160129,0.002392960358959524,0.512929917331006,0.0031453540935854588,1.5707950116255558,0.7201148971139171,2.3673627134950223e-08,0.7154362956349632,1538.3150921501344,1538.455808581916,1519.903184129144
0,0,0,0,0,2209.655604714171,2089.5688922104046,3727.1426029443496,1.5707963267948966,0.7574732442909917,0.0036273247478182365,0.02554768027281543,0.47225575758907723,1.5707913746184263,0.6047339581967869,0.7609468652977532,0.757473253632234,7.004426556164283,2287.1741565599127,3059.34244045714
0,0,0,0,0,1688.4011853902562,1266.4862703355732,3103.034007969299,1.5707963267948966,0.6435713751350542,0.0018666734114531022,0.4125539978547779,0.7524377607425029,1.5707957585027539,0.6452403901418508,0.6425917640644716,0.6435713695187776,436.66980943817543,3031.193839190144,404.3188840690316
0,0,0,0,0,2121.8935510415527,1694.2914142447223,3670.8776232242653,1.5707963267948966,0.6738139583765922,0.0038740037303821775,0.6768354724019515,0.5196030968385593,1.5707951992960816,0.6737638051282404,0.6738720988444227,0.6738139635222663,296.9072378099115,3756.131502584248,608.7820316290556
0,0,0,0,0,2915.925377223201,2719.989922018899,2201.150355654951,1.5707963267948966,0.7506466521536682,0.0018077490757159504,1.5839185872299217,0.8817700732317163,1.570795712151785,0.750646145784327,0.7506472578090605,0.7506466466054018,1922.0253840201476,389.4325116077304,2594.0914072065266
0,0,0,0,0,1634.1559074672787,1121.4551854548115,2717.3988867951716,1.5707963267948966,0.6014445732935338,0.001932955624719272,0.9754950687852016,1.0940754745602213,1.5707960108713703,0.6014636467064908,0.6013663554561757,0.6014445489242334,2787.0199975159207,573.8780191676827,240.63682492231163
0,0,0,0,0,1224.8682740250877,1217.3423029680562,3534.4195934982135,1.5707963267948966,0.7823165506549347,0.0016181778011199281,0.5619316650832406,0.05491800743988045,1.5707957274855502,0.7820026079722808,0.7850300322538191,0.7823166098463978,1407.7000322310266,1408.1872510347014,1392.3221980975006
0,0,0,0,0,1041.1764783975568,2109.8160957976143,2019.5110163646934,1.5707963267948966,1.1123689968910704,0.003965616639948714,1.3522951567771722,1.1510522235695873,1.5707955900225066,1.112366929448348,1.112376938660243,1.1123690283315126,2361.9958194714563,928.8585429860522,104.1664169293727
0,0,0,0,0,1991.2495279933933,1181.3784890246163,3676.196509516919,1.5707963267948966,0.5354673747042534,0.004036956481500898,1.129847197701534,1.5709897693076083,1.5707677056779703,0.6358595825925909,3.677112986509061,0.5354093204041434,4750.993017973804,490.6675921812923,872.5722104547154
0,0,0,0,0,0,0,2065.6362181265063,1.5707963267948966,2.717007681234675,0.003782038939469479,0.25380521550833984,0.3005080260468228,1.5707953612824332,5.858760387181315,5.858315344448264,2.717007684352464,1615.6778351173255,140.89654482358182,475.7999274356051
0,0,0,0,0,0,0,2937.3132653109574,1.5707963267948966,2.535312036524793,0.0032432992604023627,0.019879757024114136,0.6486888164853043,1.5707939543720097,6.072306574449102,5.671545300249709,2.535312024922449,165.38352781081343,1752.1015272130473,1577.489182487106
0,0,0,0,0,0,0,3084.033278277844,1.5707963267948966,0.5430962001267866,0.0018571738810806277,0.5365649849139922,1.570791086960838,1.570799527843114,5.894710025334105,3.6846692100902065,0.5430981141278284,2624.513162199566,812.313715366877,1254.6535966958272
0,0,0,0,0,0,0,3827.095714287143,1.5707963267948966,5.8647793026583805,0.0032465490502526506,0.16035941455880284,0.025367811550379586,1.5707949775547458,2.7496642920877585,1.9847225140899605,5.864779300255184,3252.255636868929,294.0138492723449,455.984290760894
0,0,0,0,0,0,0,2423.89871949763,1.5707963267948966,0.45318741519601474,0.0016971485753976689,0.0010016245963503892,3.1405174327927097,1.5707831145771014,2.4970740067983463,4.5746053381827085,0.45324160784608997,3063.548198475888,1032.0913429956818,1012.9130545049957
0,0,0,0,0,0,0,3046.0698893660383,1.5707963267948966,1.769973379931402,0.003225210427339398,0.2111661742608157,0.0,1.5707952870576527,4.9115660144166275,2.3185776865095358,1.7699733749296966,2278.302746959349,493.1643379504506,458.58307101236244
0,0,0,0,0,0,0,3788.4897153323336,1.5707963267948966,4.060251597303722,0.0035049546975093175,0.151614052237904,0.0,1.570794776600877,0.918659591284366,4.32383703959199,4.060251589363897,104.03405828550306,3426.515611591719,420.2086592850135
0,0,0,0,0,0,0,2594.354004083051,1.5707963267948966,1.0282768222339476,0.0016206635129140758,0.28550054338155134,0.6011670531143523,1.5707957792214515,4.169963641475843,4.169840937368626,1.0282768172785977,1029.0300307087466,758.3851526451151,1239.9184496478877
0,0,0,0,0,0,0,3126.026291290037,1.5707963267948966,1.897061481766076,0.00309872426980245,0.2892125557869498,0.9942218191825996,1.5707936717204634,5.039353559248585,5.038587299339111,1.8970614870596256,1247.6171404836632,465.19832896781526,2130.905962018051
0,0,0,0,0,0,0,3147.0173031905792,1.5707963267948966,5.804730162912876,0.002519585869917422,0.0658171839176076,0.7435312956787705,1.5707939834337439,2.678921466402861,2.6625754253465455,5.804730158230775,368.1216347323756,1540.0514595116836,1912.0916079067104
0,0,0,0,0,0,0,2781.1503104771423,1.5707963267948966,0.910378671505811,0.0029230128096726744,0.3419448368008655,1.3369911218890558,1.5707913981836772,4.039572855782553,4.052088192096555,0.910378682113145,197.1135705686624,339.4724637009618,3487.626356010674
0,0,0,0,0,0,0,2824.058256663102,1.5707963267948966,0.15658015483136495,0.001599666445344891,0.0,0.0,1.5706501352334117,6.283185307179586,0.0,0.1565799927874277,191.83364291573525,2405.8263220634763,350.9611760162079
0,0,0,0,0,0,0,2394.22683832882,1.5707963267948966,5.817215375765696,0.00310036151227934,0.31149666948351573,1.1908459203089465,1.570793366803564,2.67440000141885,2.675658743371074,5.8172153704309695,433.1443853906228,388.45180983904083,2419.7020747578536
0,0,0,0,0,0,0,3972.080983506947,1.5707963267948966,2.536434154721906,0.002480337137022564,0.3329258259630258,1.1069970115795045,1.5707916093488752,5.678107529063821,5.678022417964693,2.5364341545904487,1181.5022513105896,570.5626745041416,3375.3852149833806
0,0,0,0,0,0,0,3554.5961587141164,1.5707963267948966,3.738632585308448,0.0030523298850130575,0.442448659476438,1.255507850858158,1.5707900469874805,0.5970762356842957,0.5970387535731565,3.7386325787753827,859.9915971373281,291.6810481119296,3665.6848636102977
0,0,0,0,0,0,0,3286.827565291136,1.5707963267948966,1.7883417446310836,0.00270828468327795,0.04993358451992193,0.3748024236963982,1.5707950871607252,4.911472594700634,4.93234307615191,1.7883417403848993,1080.1460849843963,1686.7931745210465,797.6532415347386
0,0,0,0,0,0,0,3839.988239199908,1.5707963267948966,5.360654091032726,0.0028276777813479,0.1846279091040688,0.0,1.570795170532851,2.2190614280950434,4.95197965482453,5.360654088638398,966.0056113198464,2564.4588576663477,511.34605012288785
0,0,0,0,0,0,0,2801.2334002961115,1.5707963267948966,2.4523658198252107,0.0017107109977229924,0.11012943492053044,0.7316715632362879,1.5707957174296963,5.6193825628612,5.592149054278972,2.4523658166084226,625.4129743834584,1164.3807275894417,1557.0993713785156
0,0,0,0,0,0,0,2420.4220801387783,1.5707963267948966,0.3803855424861397,0.0040540805647208715,0.21116650114006905,0.8355748268383123,1.5707940636496907,3.5210842142766667,3.5221488681543254,0.38038556892801234,1428.399408537387,284.93266782743433,1044.350367723646
0,0,0,0,0,0,0,2927.6258820473486,1.5707963267948966,3.502231069005346,0.0016934354158231535,0.25065704602888716,0.48191815476454386,1.5707956956614217,0.3607166327581479,0.36061543727127154,3.5022310705566952,1327.7577765093142,877.3402720914976,1111.800448786604
0,0,0,0,0,0,0,3245.976185906951,1.5707963267948966,5.275639561402032,0.001528869275618777,0.0,0.6090645812741675,1.570795445433396,6.01108191374366,2.1340468978817015,5.275639556390166,1157.96035201276,1382.1161487388229,1090.6966247835212
0,0,0,0,0,0,0,2375.833181325045,1.5707963267948966,2.183720976143626,0.0021864728584656155,0.4917062744554445,0.5460797985300204,1.570795590780246,5.325310102233987,2.1837148700031124,2.1837209221759464,1564.0815390164942,700.4192637573525,430.99769540415076
0,0,0,0,0,0,0,3851.802608436333,1.5707963267948966,2.535844089202565,0.0030625557564364775,0.2798352843955275,0.17598716383864782,1.570794938245668,5.677228319539134,2.5353990097331343,2.535844087111089,1127.4831589424466,2520.8113119668724,406.3926954748438
0,0,0,0,0,0,0,2746.489675093927,1.5707963267948966,4.448085175346383,0.0030903363643667316,0.2652909454284995,1.0864100203617173,1.5707931482597928,1.307018384274581,1.306468966934413,4.448085169847627,603.3536653637424,564.9330595002649,2422.0053605769162
0,0,0,0,0,0,0,3608.2474266925783,1.5707963267948966,0.8645284381545408,0.00213487276976723,0.007063998105731564,0.4299788001511641,1.5707951777170293,4.29446957546172,4.003104243905218,0.8645284308287354,211.74379795295292,2598.586195777063,1233.0510211509
0,0,0,0,0,0,0,2892.3695125385048,1.5707963267948966,5.208842582423285,0.003962114389974699,0.21607434208563073,1.0389345658924627,1.5707950369859556,2.067176888356826,5.208746684285466,5.20884251265533,2533.8277601432155,397.9568021686514,130.14018714109886
0,0,0,0,0,0,0,2483.9720733754434,1.5707963267948966,1.0438128633013886,0.002784652504020326,0.0,0.0,1.570730730213037,0.0,6.283185307179586,1.0438128770372872,882.4390242333138,1436.336888793263,255.4353589990842
0,0,0,0,0,0,0,3555.107141737397,1.5707963267948966,2.6159625506413167,0.0043359342977525375,0.09895392636566208,0.08643021842873674,1.570794701870703,5.757859307307648,5.7569496028023535,2.615962548429098,2043.1972580746449,1277.6717993935622,365.19293641752927
0,0,0,0,0,0,0,2385.749165855909,1.5707963267948966,2.4522118318997754,0.003387831801549517,0.21318101078470034,1.0570906068634074,1.5707934806993022,5.592173936356346,5.593867208873918,2.452211826003606,424.44606898472085,600.462905263771,2096.0266098002553
0,0,0,0,0,0,0,3388.6860738725354,1.5707963267948966,5.786258670240005,0.002391403815744355,0.22832052094401267,0.02561870006645863,1.5707952172868704,2.600882910954463,3.016995454482851,5.786258680066686,563.2212661178623,2467.5012704850683,596.6594349329702
0,0,0,0,0,0,0,2299.0805924155,1.5707963267948966,6.197521440788534,0.0016435953919207676,0.0,0.779006851639177,1.5707957916595785,0.8211250887030235,3.055928777178926,6.19752143577894,375.35530115902657,1073.095354990106,1315.4767487958677
0,0,0,0,0,0,0,2571.049779274974,1.5707963267948966,0.8894638857635349,0.003098351577964136,0.2459254893388071,0.9932207677313852,1.5707942040885512,4.0305629363460795,4.031089677267212,0.8894638801085217,717.4330243280589,576.4632771140977,1952.3395196537203
0,0,0,0,0,0,0,2340.7635809901267,1.5707963267948966,4.581519780848755,0.0025197379137231225,0.048050495799409516,0.46329359684686117,1.5707956401107086,1.389645718141842,1.4435420365121463,4.581519777985673,404.2910280165979,1402.5842837133546,823.8324292941824
0,0,0,0,0,0,0,3443.0293402277707,1.5707963267948966,4.403140685006804,0.002185850661043866,1.0916738417477518,1.2209447792626276,1.570796942305259,3.708336344975928,1.0125575424754778,4.4031406824412525,433.88803668352915,2469.3371481731056,2244.666985679206
0,0,0,0,0,0,0,3346.541162606398,1.5707963267948966,2.048686293158698,0.0024712129898275723,0.19193804700488817,0.7826930715321545,1.5707951034980792,5.190680599478699,5.190199965036786,2.0486862879417655,1913.9052054931544,503.9962814015654,1382.2603603743826
0,0,0,0,0,0,0,3227.857027797665,1.5707963267948966,1.5148987294848963,0.004414743385324393,0.36544865934484466,1.57076665365523,1.5707925493586974,0.7876879437204474,4.656448885931781,1.5149195690064883,2613.3290481749577,669.5125394005348,759.7729439911653
0,0,0,0,0,0,0,2076.584302329675,1.5707963267948966,2.759870908093609,0.002009668330056983,0.2713773304068589,1.5922979016713799,1.570839504452234,4.1851921531945075,5.91134050235419,2.7599229059241708,4610.297856297229,242.23680948669983,2433.815517946939
0,0,0,0,0,0,0,3516.3045324241225,1.5707963267948966,5.082115729118378,0.004223120141582621,0.12671389576498682,0.03172022776157288,1.5707946533680501,1.9720383223883953,1.6594443618546624,5.0821156763392406,2242.6444879740952,1048.3353939005658,359.47786356211463
0,0,0,0,0,0,0,3524.953046360477,1.5707963267948966,4.809371840044004,0.0029858229230607792,0.0,0.6482206585460959,1.5707949805045522,6.2831478926647275,1.6677791763749208,4.809371798873379,2314.9535120576384,770.8593184570286,675.6645317098015
0,0,0,0,0,0,0,3150.686464268941,1.5707963267948966,4.048835003931927,0.002511663621409621,0.1862196016818308,0.8743167566925323,1.570793514489651,0.9124296749793454,0.9068301098421829,4.048834999439763,885.9700929045431,919.2955449789074,2057.020139321279
0,0,0,0,0,0,0,3339.5702269685635,1.5707963267948966,3.2509824731429346,0.004219759856644712,1.320179727292557,1.8212733542247461,1.5709075377612205,4.256752981478777,1.1151542325732733,3.251017913040476,1268.348713362957,3986.970083901462,260.89606332467156
0,0,0,0,0,0,0,2021.537598135342,1.5707963267948966,4.927980420205313,0.0015366538582197776,1.2706693732249583,1.2872578690902474,1.5707972499489773,3.8391097011559374,1.5247317168688148,4.927980401107036,688.0074655734865,1055.3608973992923,1891.6409071436449
0,0,0,0,0,0,0,2564.8308810185736,1.5707963267948966,2.5903949870149727,0.004192912050474578,0.02643165019557197,0.9640289839407754,1.5707910723242493,0.2498765651993841,5.727567918904823,2.5903949808562996,111.5187770668496,1061.8070292373266,2154.353565563988
0,0,0,0,0,0,0,2718.036968752368,1.5707963267948966,1.363106314330807,0.004218523036397625,1.1258997407511975,2.01473613976347,1.5707534404371188,1.2394711740411342,4.381119185903936,1.3630369274980325,1671.2599509291965,3614.8543876221547,687.0267220252164
0,0,0,0,0,0,0,2437.342520061539,1.5707963267948966,4.756182271595988,0.002025308126130463,0.321420871359296,0.2468987783572009,1.570795679123446,1.6146198903355609,1.6145907082491966,4.75618225998692,863.9132828472773,1067.2156424661428,819.9772566724802
0,0,0,0,0,0,0,2982.2523684151893,1.5707963267948966,3.3697145027246047,0.0035097636625249077,0.22477650445934164,0.34908091183046447,1.5707950730433564,0.22786789641480545,3.3690129024788864,3.36971451438442,2455.4392121041305,373.57072333810333,328.0530701560169
0,0,0,0,0,0,0,3991.348271971875,1.5707963267948966,4.5602976686272365,0.0036008221878722963,1.1916360346616999,1.2292020978306968,1.570794131345255,1.418416675950589,4.560006104275329,4.560297660719642,298.6764428854745,4842.290905831988,89.99298862624633
0,0,0,0,0,0,0,2334.7528353009207,1.5707963267948966,0.9581573005880639,0.0031475853676038593,0.2598925351045476,0.9245575367160751,1.5707949882405021,4.099699510013805,4.0997570931759775,0.9581572953304814,1185.4484981472795,285.6170675940405,1286.347336576331
0,0,0,0,0,0,0,3937.357272057007,1.5707963267948966,0.9304817182365331,0.0018022636470057189,0.2851872177817264,1.0943875250839354,1.5707959216889202,4.460412096922035,4.053696221534237,0.9304817211932429,930.3396716246225,770.8487154179834,3442.2547780410932
0,0,0,0,0,0,0,2242.6947790559043,1.5707963267948966,4.610318059668177,0.0027909490872639856,0.20391242665483006,0.8172942491378822,1.5707954571562908,1.4685589141058486,1.4687508371831381,4.610318054720462,1084.8809694919105,425.35883908159593,1101.0050345800641
0,0,0,0,0,0,0,1092.8638961381107,0,0,0.004433212131784105,0.0,0.0,0.0,0.0766075096727974,0.20232424108404826,0.0,387.48135152031824,302.2873477389532,402.005064451014
0,0,0,0,0,0,0,1206.7431328287237,0,0,0.0038969163857807197,0.0,0.0,0.0,0.12592603638266558,0.24138556553184148,0.0,440.17975576092,327.40818102404086,437.946727057037
0,0,0,0,0,0,0,2103.904654609824,0,0,0.001522749314343905,0.0,0.0,0.0,0.33569399545943307,0.7162783105322387,0.0,855.3634344920898,525.3260422814028,721.1135083960113
0,0,0,0,0,0,0,2437.9297761004564,0,0,0.004155868036674708,0.0,0.0,0.0,0.3289288525691483,0.9907709607651994,0.0,1009.9421942126977,599.0101673923886,826.5411844933983
0,0,0,0,0,0,0,336.3285232732066,0,0,0.0026175175847420176,0.0,0.0,0.0,0.0,0.0,0.0,37.37876116839111,135.38916319287034,163.22472597310224
0,0,0,0,0,0,0,250.77844955982337,0,0,0.0038868314288506224,0.0,0.0,0.0,0.0,0.0,0.0,1.0,114.91174674505808,134.61617347029596
0,0,0,0,0,0,0,1394.3324558170143,0,0,0.0035810289702957695,0.0,0.0,0.0,0.19082405946576125,0.3216544236956745,0.0,526.9925072953039,368.7923843439875,497.154630369571
0,0,0,0,0,0,0,2146.4327762077,0,0,0.003995594738637828,0.0,0.0,0.0,0.3389907569136825,0.7591108025120361,0.0,875.0455574722936,534.706016773169,734.533485686096
0,0,0,0,0,0,0,1838.0731719690916,0,0,0.003743292368137601,0.0,0.0,0.0,0.3024710313943164,0.5548056994767108,0.0,732.3442154337835,466.68229261681205,637.2108245691002
0,0,0,0,0,0,0,1883.424563914374,0,0,0.002256669047381792,0.0,0.0,0.0,0.309591026856824,0.5799714678686746,0.0,753.3309979966683,476.6877071830918,651.5242466135171
0,0,0,0,0,0,0,1026.290246477711,0,0,0.00236234146116826,0.0,0.0,0.0,0.04095368806562547,0.18586687144196612,0.0,356.6731535314056,287.6002473184253,380.99010540743006
0,0,0,0,0,0,0,687.856673683272,0,0,0.003874747944549205,0.0,0.0,0.0,0.0,0.0,0.0,200.05789617574405,212.93616353276488,274.1758903775069
0,0,0,0,0,0,0,1040.6136396427528,0,0,0.0034732247171434627,0.0,0.0,0.0,0.049650418361137164,0.18892964629528103,0.0,363.30189456878435,290.76081539696895,385.51231875034495
0,0,0,0,0,0,0,959.5317043526971,0,0,0.003180697998779689,0.0,0.0,0.0,0.0,0.1789912106021553,0.0,325.78049876818113,272.8728531010642,359.92202013053463
0,0,0,0,0,0,0,1703.1792995793148,0,0,0.002632099825841213,0.0,0.0,0.0,0.27543548906394333,0.47715226855484427,0.0,669.9186061962448,436.9242133820797,594.6345607116393
0,0,0,0,0,0,0,480.39200005041886,0,0,0.001852919089573254,0.0,0.0,0.0,0.0,0.0,0.0,104.04832657124857,167.16955312263758,208.6956699808263
0,0,0,0,0,0,0,1177.759000634679,0,0,0.0021384562379170224,0.0,0.0,0.0,0.11454427506985315,0.23098071283463312,0.0,426.76808598338454,321.0158360282908,428.7971251063493
0,0,0,0,0,0,0,2442.5671473227812,0,0,0.0044072522437324,0.0,0.0,0.0,0.3387357732106619,0.9846862982859508,0.0,1012.0887525501707,600.0338035787362,828.0090477686462
0,0,0,0,0,0,0,978.4955473841981,0,0,0.003967274200772362,0.0,0.0,0.0,0.010202341884088653,0.17996996860296915,0.0,334.55329456423004,277.0537995349283,365.90441690655814
0,0,0,0,0,0,0,632.5190883830437,0,0,0.004318018659529386,0.0,0.0,0.0,0.0,0.0,0.0,174.44777456571774,200.72711004840332,256.708765533903
0,0,0,0,0,0,0,207.4092783963166,0,0,0.0024362263277073262,0.0,0.0,0.0,0.0,0.0,0.0,1.0,95.31383804019305,110.8883914538362
0,0,0,0,0,0,0,1281.007129910944,0,0,0.004027138395946941,0.0,0.0,0.0,0.15350712855305315,0.2716920989667289,0.0,474.547513935153,343.7913379010298,461.3871528164024
0,0,0,0,0,0,0,759.9401514062387,0,0,0.003277751771832344,0.0,0.0,0.0,0.0,0.10743227437746375,0.0,233.41596209055788,228.8380131847697,296.9268186916577
0,0,0,0,0,0,0,1355.8702915694544,0,0,0.004122847597437992,0.0,0.0,0.0,0.17866740988471214,0.3043793907901948,0.0,509.1934408123373,360.30770162400137,485.0147727804017
0,0,0,0,0,0,0,1367.2434114961186,0,0,0.0020205814379465666,0.0,0.0,0.0,0.1836448688778073,0.3082284506043694,0.0,514.4555335184523,362.81516773851104,488.6046637960836
0,0,0,0,0,0,0,1844.77724833667,0,0,0.0030221353211605786,0.0,0.0,0.0,0.3041558687068907,0.558323788428262,0.0,735.4479971614669,468.16107311629037,639.3263972386909
0,0,0,0,0,0,0,2382.607347800291,0,0,0.004424870355163875,0.0,0.0,0.0,0.33351244855802925,0.9479362175721218,0.0,984.3416282284865,586.8055377104117,809.0796245284276
0,0,0,0,0,0,0,924.8616255309139,0,0,0.0035816394842321823,0.0,0.0,0.0,0.0,0.179608805781036,0.0,309.7361391942078,265.22315985502684,348.9792060369768
0,0,0,0,0,0,0,1043.9317076440173,0,0,0.0025576356931509975,0.0,0.0,0.0,0.05056245007273069,0.19000178635396503,0.0,364.83696532912387,291.4922023408234,386.55854475955624
0,0,0,0,0,0,0,2154.185819064371,0,0,0.0037613193641634194,0.0,0.0,0.0,0.3366948209017779,0.7659118709983792,0.0,878.6343989779981,536.4157110483181,736.9837641092541
0,0,0,0,0,0,0,393.5662873511961,0,0,0.0018596890627744279,0.0,0.0,0.0,0.0,0.0,0.0,63.86716680721753,148.01542117193125,181.29053331256773
0,0,0,0,0,0,0,276.3804264551944,0,0,0.0021237745605416987,0.0,0.0,0.0,0.0,0.0,0.0,9.875629444123485,122.04575095416926,144.18305370702393
0,0,0,0,0,0,0,1667.807230801779,0,0,0.002848519671813798,0.0,0.0,0.0,0.26671741663185916,0.456962321896329,0.0,653.5500173175959,429.12174917068603,583.4694835014727
0,0,0,0,0,0,0,937.9683450859061,0,0,0.0026384097751173397,0.0,0.0,0.0,0.0,0.1791312233356238,0.0,315.8023913149003,268.1158719897784,353.1155602132226
0,0,0,0,0,0,0,2235.5836228217468,0,0,0.0022980130273853043,0.0,0.0,0.0,0.33869934721437533,0.8270788411238559,0.0,916.3005802543429,554.3681245936772,762.6789497503197
0,0,0,0,0,0,0,2214.2951208335544,0,0,0.0027609816555807663,0.0,0.0,0.0,0.3401276312921721,0.8091289267111821,0.0,906.4512212543215,549.6772914002815,755.9545144684139
0,0,0,0,0,0,0,1543.2379144348927,0,0,0.002141166374494202,0.0,0.0,0.0,0.23442532294542856,0.3925430502996597,0.0,595.9022133586087,401.641059543943,544.1532012899485
0,0,0,0,0,0,0,244.8481823238896,0,0,0.003980656174467965,0.0,0.0,0.0,0.0,0.0,0.0,1.0,112.23159300412085,131.37198603872687
0,0,0,0,0,0,0,1674.8475611718654,0,0,0.00323207319849285,0.0,0.0,0.0,0.2693513324789894,0.4627037846589959,0.0,656.8074885032112,430.67424938492576,585.6924070634045
0,0,0,0,0,0,0,580.6930642348904,0,0,0.002990510036854357,0.0,0.0,0.0,0.0,0.0,0.0,150.4642199926742,189.29436796107788,240.3514933987821
0,0,0,0,0,0,0,1424.7392458410493,0,0,0.0033437315140082955,0.0,0.0,0.0,0.20041925080762077,0.3356722956407121,0.0,541.0641795143283,375.5004128161202,506.75177827569394
0,0,0,0,0,0,0,2363.7730823533097,0,0,0.0036345020532068386,0.0,0.0,0.0,0.3329754839098299,0.9291741409149357,0.0,975.6247660645251,582.6514096320481,803.1357555365495
0,0,0,0,0,0,0,2463.904874392367,0,0,0.002904266880119263,0.0,0.0,0.0,0.30659438576601494,1.03638030302322,0.0,1021.962488203058,604.7364987669886,834.7427080808712
0,0,0,0,0,0,0,1772.6537281295844,0,0,0.0026529025712058642,0.0,0.0,0.0,0.2898385029197271,0.5152228510682789,0.0,702.0708059180514,452.25019647567746,616.5621928593915
0,0,0,0,0,0,0,53.83069640359589,0,0,0.0024086275425823753,0.0,0.0,0.0,0.0,0.0,0.0,1.0,25.823917784127595,26.951938386703567
0,0,0,0,0,0,0,725.8115401672841,0,0,0.0024164627911851004,0.0,0.0,0.0,0.0,0.05278752616018732,0.0,217.6209100681967,221.30774656861183,286.1538142475934
0,0,0,0,0,0,0,420.6379923437134,0,0,0.003970691101402286,0.0,0.0,0.0,0.0,0.0,0.0,76.39537608753248,153.98731651503545,189.83509196652506
0,0,0,0,0,0,0,14.03109239487943,0,0,0.00328281552873385,0.0,0.0,0.0,0.0,0.0,0.0,1.0,7.542293888078598,5.4779644562421534
0,0,0,0,0,0,0,2063.4400247581407,0,0,0.002230405372515355,0.0,0.0,0.0,0.3320979513947967,0.6942621745398888,0.0,836.6373811805919,516.399426786249,708.3417879434106
0,0,0,0,0,0,0,179.51804303976138,0,0,0.0020559045948529814,0.0,0.0,0.0,0.0,0.0,0.0,1.0,82.5958713055515,95.74321023004994
0,0,0,0,0,308.5833872412291,168.82057104758067,3222.7772853082815,0,0,0.0031501675116821677,0.17649339685880167,0.17148544808055238,1.2205731114527037e-07,0.5005979914053533,0.5006045565660431,0.0,1336.5728925329665,804.9792834389813,1102.4842548247536
0,0,0,0,0,420.85184332009953,387.58312519244197,2038.8740105026034,0,0,0.0019757242660041266,3.1415171325345383,0.1122467338196894,0.0,2.0155479112344157,5.932723697487506,0.0,1140.795201106738,1010.2166657614576,2076.333277009115
0,0,0,0,0,565.6070879037256,471.3688510254004,3849.141986426789,0,0,0.002773187042237929,0.30904984878177943,0.29599643807666776,2.0420894257745778e-07,0.6947467345777641,0.6947969866055589,0.0,1695.2893029985235,969.6858599515133,1269.683965747834
0,0,0,0,0,497.32818519666404,611.7708713113265,3917.863834456057,0,0,0.004124182570975699,0.35967298020150346,0.37905136545574564,7.707230702434249e-07,0.8875013468950514,0.8885517987298902,0.0,1137.1894461543886,261.9727307881355,2619.0976137928283
0,0,0,0,0,68.72828633326644,680.262644621461,3380.631345996255,0,0,0.0024496694348981455,0.24823578420040548,0.31947883412927774,2.3895580103913657e-08,1.4701044636683203,1.4701066899541946,6.283185307179586,394.64831887582477,1220.0810170550237,1846.893480244279
0,0,0,0,0,97.69729819369971,379.9740796722023,3582.0699187269,0,0,0.0016971178402262902,0.21256935426974086,0.1687859880604992,0.0,1.3191788940701223,1.3186027685049477,0.0,3225.7930399379243,172.4881521985119,208.58226610168816
0,0,0,0,0,710.1605692739162,494.57979085072327,3425.328297050155,0,0,0.004267494591272281,0.5556368034513258,0.0,3.8578554664735775e-07,0.6083285456901774,3.2069208793169603,6.283185307179586,248.57774192137737,2942.9200277766845,392.1038718074682
0,0,0,0,0,367.2425441433537,747.7225975690995,2572.5309970521803,0,0,0.004412272390763155,0.0,0.6766569537449763,6.208696037015801e-07,2.8716378534451006,1.1142560234890355,0.0,205.95213792134138,330.2303984751146,2224.3021212390363
0,0,0,0,0,662.9117676896519,416.43248976871536,2817.5457391619493,0,0,0.00230435695063164,0.5420275029251893,0.0,0.0,0.5608877293943307,3.41537835573386,6.283185307179586,1177.774189427344,1778.6091913619175,1.0
0,0,0,0,0,0,0,1419.0614888034145,0,0,0.002154674033262935,0.0,0.0,0.0,0.20090805442783632,0.3327317176294859,0.0,538.4366116390069,374.2474724300817,504.96048441752885
0,0,0,0,0,0,0,815.139838651957,0,0,0.002497591189431142,0.0,0.0,0.0,0.0,0.16449413143477454,0.0,258.96118772805346,241.01521425370467,314.349348935692
0,0,0,0,0,0,0,2381.6516276423563,0,0,0.002394395801466535,0.0,0.0,0.0,0.33659512942134556,0.9425441323290673,0.0,983.9022530485673,586.5961731887605,808.7799348478483
0,0,0,0,0,0,0,2319.045865155832,0,0,0.0038615768960507855,0.0,0.0,0.0,0.33551331971081305,0.8981917516950157,0.0,954.9322915075753,572.7874218843967,789.017653689256
0,0,0,0,0,0,0,1614.684286754606,0,0,0.0022242477691643884,0.0,0.0,0.0,0.25437735669162503,0.4295308392359329,0.0,628.965498788257,417.4021185723921,566.7034538485126
0,0,0,0,0,0,0,2277.0866343266093,0,0,0.0017757616258419534,0.0,0.0,0.0,0.3522955061510237,0.8456925395032125,0.0,935.5065341192725,563.5293179726314,775.7732493790647
0,0,0,0,0,0,0,942.5715254085193,0,0,0.0018051030769638205,0.0,0.0,0.0,0.0,0.17875239143075622,0.0,317.9314108616153,269.1304066639185,354.5685866177512
0,0,0,0,0,0,0,1510.8127034239053,0,0,0.003354169825584041,0.0,0.0,0.0,0.226198592712492,0.37709652328442944,0.0,580.8965796719418,394.48792092851977,533.9188681892656
0,0,0,0,0,0,0,783.5751806331928,0,0,0.002382802185170088,0.0,0.0,0.0,0.0,0.1410067951867196,0.0,244.35508418217407,234.05356597286078,304.3880365868839
0,0,0,0,0,0,0,463.6342176273575,0,0,0.003490028270705837,0.0,0.0,0.0,0.0,0.0,0.0,96.29307853192724,163.47214491202212,203.40582114440528
0,0,0,0,0,0,0,1288.4739536626557,0,0,0.0044925732343313795,0.0,0.0,0.0,0.15592183763835515,0.2748197449311928,0.0,478.0040859376339,345.4396713519402,463.742799357797
0,0,0,0,0,0,0,2117.2019361141447,0,0,0.004255556669509848,0.0,0.0,0.0,0.33837590093419156,0.7370297518143057,0.0,861.5190193594407,528.2568862470928,725.3109296974865
0,0,0,0,0,0,0,417.0532123663617,0,0,0.001751130913670095,0.0,0.0,0.0,0.0,0.0,0.0,74.73648126221202,153.19647905832738,188.70359626499194
0,0,0,0,0,0,0,1252.2379893942143,0,0,0.0026059540555074447,0.0,0.0,0.0,0.14312439869526808,0.2600418533218247,0.0,461.23507045485616,337.44583672741925,452.3060761926306
0,0,0,0,0,0,0,274.2286758000279,0,0,0.0023400052670945943,0.0,0.0,0.0,0.0,0.0,0.0,8.639261816435035,121.69039391341579,143.62406963648465
0,0,0,0,0,0,0,16.000377943909683,0,0,0.002489148716855026,0.0,0.0,0.0,0.0,0.0,0.0,1.0,8.69209541885188,6.293454290098044
0,0,0,0,0,0,0,1265.986838364647,0,0,0.003355037590623644,0.0,0.0,0.0,0.1475127488100592,0.26524669909495546,0.0,467.5979720534186,340.47920609121354,456.6453018735452
0,0,0,0,0,0,0,2167.8368289334367,0,0,0.003025623603285071,0.0,0.0,0.0,0.34285561172487977,0.7733325818646095,0.0,884.9505294959191,539.4275624038501,741.294247750279
0,0,0,0,0,0,0,2014.8917364459805,0,0,0.0017991396679726188,0.0,0.0,0.0,0.3316656149482216,0.6628371703574191,0.0,814.170324435584,505.68936738011445,693.0186194275045
0,0,0,0,0,0,0,174.56387070376638,0,0,0.00449080711541215,0.0,0.0,0.0,0.0,0.0,0.0,1.0,80.46388618326084,92.92515812702065
0,0,0,0,0,0,0,77.94311549625455,0,0,0.003138866800921851,0.0,0.0,0.0,0.0,0.0,0.0,1.0,36.7641048504226,40.101869185141034
0,0,0,0,0,0,0,769.7994356484946,0,0,0.002252152042744188,0.0,0.0,0.0,0.0,0.12333062777144052,0.0,237.9770345067098,231.01151442176413,300.03709385726955
0,0,0,0,0,0,0,2189.416599958298,0,0,0.0039373182815909255,0.0,0.0,0.0,0.33647930300955264,0.7934694335166386,0.0,894.9405870036479,544.1914913768111,748.10776068183
0,0,0,0,0,0,0,1364.8570990447483,0,0,0.002549235793321421,0.0,0.0,0.0,0.18190082575132577,0.30812047800889625,0.0,513.3522453314065,362.28974962787163,487.85198984214213
0,0,0,0,0,0,0,1558.7172277680243,0,0,0.004145737504725329,0.0,0.0,0.0,0.23916202705772366,0.4009394939743208,0.0,603.0649709349033,405.05521229156227,549.0382075907755
0,0,0,0,0,0,0,2236.8795765324594,0,0,0.002776812868851122,0.0,0.0,0.0,0.33721542061877835,0.8327160281669425,0.0,916.9038590904636,554.6573541895706,763.0834509642929
0,0,0,0,0,0,0,1839.285538746256,0,0,0.0023683457153621597,0.0,0.0,0.0,0.30373121299948547,0.5574414686287716,0.0,732.9056481249836,466.94864871157864,637.5939217023778
0,0,0,0,0,0,0,644.0605006412139,0,0,0.0028522014300952016,0.0,0.0,0.0,0.0,0.0,0.0,179.78999883177414,203.27434437462517,260.352651097159
0,0,0,0,0,0,0,1292.402756556481,0,0,0.002486454357715535,0.0,0.0,0.0,0.15883224135712212,0.2759155290120823,0.0,479.8213375523877,346.30602970374025,464.9828191029941
0,0,0,0,0,0,0,2135.6179791527293,0,0,0.004043707922814276,0.0,0.0,0.0,0.338069939550372,0.750126537101694,0.0,870.0436040874733,532.3231068536822,731.125605279114
0,0,0,0,0,0,0,1728.6402116904933,0,0,0.00176779224644721,0.0,0.0,0.0,0.282627094360448,0.49259653761280053,0.0,681.7008965401077,442.54203967818364,602.6703321867557
0,0,0,0,0,0,0,2444.608469680806,0,0,0.003577279209466309,0.0,0.0,0.0,0.32825593305074824,0.99974312518593,0.0,1013.0334437333306,600.4840146028841,828.6490809663511
0,0,0,0,0,0,0,1932.438598649171,0,0,0.0028502245679617897,0.0,0.0,0.0,0.31676420719369025,0.6137480416861661,0.0,776.0146589092259,487.4985850823738,666.9953260371914
0,0,0,0,0,0,0,62.941372549320526,0,0,0.0029664134726961706,0.0,0.0,0.0,0.0,0.0,0.0,1.0,29.81864438632321,32.058290242495254
0,0,0,0,0,0,0,719.0756595389657,0,0,0.0022869486892380044,0.0,0.0,0.0,0.0,0.042097464835051265,0.0,214.50635560911442,219.82440176139792,284.0304453459384
0,0,0,0,0,0,0,1318.2332061011625,0,0,0.0031444627315303213,0.0,0.0,0.0,0.16623616108645495,0.2876011005332082,0.0,491.7763572169667,352.00518151722787,473.13584794286146
0,0,0,0,0,0,0,1551.604989731331,0,0,0.0023577627721320855,0.0,0.0,0.0,0.23764812716102887,0.39730525355395063,0.0,599.7741840463403,403.4868433346722,546.7939747080204
0,0,0,0,0,0,0,1833.1379303793651,0,0,0.001680705612327256,0.0,0.0,0.0,0.30337617313438403,0.5560556089386521,0.0,730.0617543135326,465.59046523380636,635.654573714098
0,0,0,0,0,0,0,860.4814773881723,0,0,0.003439625655904351,0.0,0.0,0.0,0.0,0.1778796792591314,0.0,279.9442512750891,251.0192159622261,328.66000383199747
0,0,0,0,0,0,0,214.76304525811148,0,0,0.004051434786860656,0.0,0.0,0.0,0.0,0.0,0.0,1.0,98.63764161705527,114.91091875373714
0,0,0,0,0,0,0,1600.3423931176096,0,0,0.003146993403137748,0.0,0.0,0.0,0.2503307841497464,0.4224468978949306,0.0,622.3285742252764,414.23838017687973,562.1767067975255
0,0,0,0,0,0,0,2104.5042649180036,0,0,0.0018859375169006916,0.0,0.0,0.0,0.3303322254551257,0.7337174074031467,0.0,855.6414565620888,525.4588555323528,721.3032990890792
0,0,0,0,0,0,0,1014.1813378892198,0,0,0.0021430482349416163,0.0,0.0,0.0,0.03449430507789368,0.18386173932811764,0.0,351.0696058820597,284.92878184056065,377.1696789956463
0,0,0,0,0,0,0,1233.4907863453057,0,0,0.00323877567385898,0.0,0.0,0.0,0.13630553078113047,0.2517644965084482,0.0,452.5593843434115,333.3104144698162,446.3887108599304
0,0,0,0,0,0,0,2129.5394760338113,0,0,0.001732719987747103,0.0,0.0,0.0,0.3291005695083491,0.7543785511375602,0.0,867.2301866782425,530.9718522254113,729.2085488039314
0,0,0,0,0,0,0,412.9343349096856,0,0,0.002115771062630151,0.0,0.0,0.0,0.0,0.0,0.0,72.83026640097297,152.28789350799218,187.4035843100081
0,0,0,0,0,0,0,1514.2376823572765,0,0,0.0017266377753994173,0.0,0.0,0.0,0.22654576000395998,0.3794074044899772,0.0,582.4822220354532,395.24254063477133,535.000532213631
0,0,0,0,0,0,0,798.6382042850934,0,0,0.0017091637985169933,0.0,0.0,0.0,0.0,0.155361268895104,0.0,251.3305001883898,237.38062883492694,309.14096622824206
0,0,0,0,0,0,0,633.5563190302715,0,0,0.002535068298168165,0.0,0.0,0.0,0.0,0.0,0.0,174.930096884343,200.95825063560164,257.03845758782234
0,0,0,0,0,0,0,650.4722835793497,0,0,0.002089239312974271,0.0,0.0,0.0,0.0,0.0,0.0,182.7572096068712,204.68881586341536,262.37636115137127
0,0,0,0,0,246.15243266876072,746.2614235872683,3565.3074389945414,0,0,0.0017357395658139435,0.7137321117108412,2.4278662847226813,0.0,2.3582424733604803,5.499933207254719,0.0,3555.2714072610524,1115.4471046909457,1264.9833931921657
0,0,0,0,0,679.1556433032399,571.6531892653188,2574.145180314531,0,0,0.003643679135762121,0.46331429924967577,0.663820699701315,7.840040106396603e-07,0.6997657071923918,0.6996582841280704,0.0,127.07103053870577,55.70315059084311,2587.946365111659
0,0,0,0,0,606.3584778960811,569.1915560788469,2795.0235670739457,0,0,0.002041459919340266,0.534898886539831,0.2765813780164718,5.892532219792623e-08,0.7538095062164517,0.7536630915873151,0.0,2226.895328506125,585.5047573622015,135.30043828900116
0,0,0,0,0,455.3074402039044,22.7041401540361,2832.0547268110495,0,0,0.0034385375842795607,0.24058240467936412,0.30698059006276723,4.4788755356899294e-07,0.0711484735259773,0.04724732872965873,6.283185307179586,208.85343326765351,202.42663453977607,2466.0742741720323
0,0,0,0,0,164.501957107197,122.83416293556843,3396.9003439166863,0,0,0.003290046338990951,0.09896305475539244,0.09545468848963753,2.2973562600953495e-07,0.6996365340950866,0.5707646673741051,0.0,1447.9749700383124,822.1965700039019,1127.5972042347014
0,0,0,0,0,0,0,392.23195141779325,0,0,0.0016705730445220521,0.0,0.0,0.0,0.0,0.0,0.0,63.24948436273416,147.72102042739957,180.8693313585114
0,0,0,0,0,0,0,65.26225312665251,0,0,0.003945539266339452,0.0,0.0,0.0,0.0,0.0,0.0,1.007490640276731,31.19375615456177,32.996003671488765
0,0,0,0,0,0,0,1991.0103707660364,0,0,0.0034037090342185364,0.0,0.0,0.0,0.3246498434503794,0.6498310789275794,0.0,803.1198505490881,500.4192988496296,685.4822361438107
0,0,0,0,0,731.0444051708351,102.71299950633606,3051.0884510371025,0,0,0.0033210970964028825,0.3503192075439487,0.441395532185856,6.734843625719099e-07,0.13961244225946842,0.1395829973800347,6.283185307179586,355.3634927387554,391.5626234229241,2416.4776119758058
0,0,0,0,0,674.3416619875691,656.7128679644076,3179.5376981208556,0,0,0.002507041964506066,0.5087063269049263,0.4215136016622758,9.265958641915487e-08,0.7721547270518665,0.7721553360032128,0.0,2147.1335037650124,644.7429029615457,561.0634734894184
0,0,0,0,0,23.903200761981992,527.9015286788656,2487.2764813688214,0,0,0.002714858949689907,0.35313306291088914,0.3005068533362692,0.0,1.5255508810289176,1.5255405573355678,6.283185307179586,1416.288635677052,642.2831611923593,497.0018154302482
0,0,0,0,0,1568.12454448575,2637.675027814782,2138.0490746969813,1.5707963267948966,1.0344232682852166,0.0023608732587902382,1.1283484521927483,0.7068403125753882,1.570795612119126,1.0351384420414727,1.0337627156953642,1.034423265403716,607.1680020680536,1575.5889151821675,1721.823814843868
0,0,0,0,0,1436.1085620575614,2211.5192463088338,3131.2038440292963,1.5707963267948966,0.9948595648434543,0.0023545023330357566,0.12040045636677024,1.664094861421889,1.5707963210441964,0.6330756965034245,1.048869819072946,0.9948595592004663,2300.048964883932,1584.64351658484,1400.7483527081788
0,0,0,0,0,1076.0573822942542,2102.1124028357935,2794.996495297313,1.5707963267948966,1.0976793626696548,0.0019048349603283893,0.1487446817559764,1.8083572897425746,1.570796319786755,0.38772106668288553,1.2290298113443752,1.0976793602961301,2208.1250885960144,1455.6168520100873,1199.5840425723197
0,0,0,0,0,0,0,3158.552081752823,1.5707963267948966,3.3333524223704196,0.0034711858306721074,0.13922858281441094,0.0946329421153863,1.5707950955385905,0.21668287466452832,0.1417956378962938,3.3333524448964127,1364.534957805791,1507.6965511430758,453.2080432551681
0,0,0,0,0,0,0,3267.8437185877483,1.5707963267948966,0.7491360497135883,0.0036240696267748973,0.0,0.8208371400355656,1.5707933329093695,6.206703128329866,3.890728688903996,0.749136044848389,1300.3715123289903,1044.4862893282075,1425.6263088891371
0,0,0,0,0,0,0,3065.6849773770928,1.5707963267948966,5.306135865712543,0.001725063244757885,0.5629043179910656,0.0,1.5707957173080056,2.164543208844981,6.283185307179586,5.306135860380013,1029.3348571273839,1474.8473942102405,1080.5265076701987
0,0,0,0,0,0,0,37.33732973078746,0,0,0.003107961725373041,0.0,0.0,0.0,0.0,0.0,0.0,1.0,17.958006220369924,18.339876096363973
0,0,0,0,0,0,0,1701.9327900663363,0,0,0.0032450531768155946,0.0,0.0,0.0,0.27499612936140533,0.4766242321944551,0.0,669.3419317335014,436.64939110332284,594.2412371924023
0,0,0,0,0,0,0,1741.2372364598266,0,0,0.0034116756422443305,0.0,0.0,0.0,0.2836850471926792,0.4984388655199944,0.0,687.5310348552682,445.3200761790416,606.6468451964953
0,0,0,0,0,2002.1113037469734,2653.520536633576,3348.7928732901346,1.5707963267948966,0.9244142147559775,0.0015435328970497281,0.39520539303650176,1.5874783177697982,1.5707963216740903,0.42963790741723645,1.1577195854341213,0.9244142096566477,2493.0285691990325,1763.173264819205,1559.682252050104
0,0,0,0,0,1550.997543101167,2339.9188691499244,3031.8343076480724,1.5707963267948966,0.9854459367044334,0.00259567608841256,0.2297464579570583,1.6981274938634994,1.570796298831914,0.6197930731861199,1.0903819141291156,0.9854459276790597,2302.37504568588,1596.4314939209612,1381.4652557969914
0,0,0,0,0,2326.608262334379,2047.9024131341705,2241.3764918902607,1.5707963267948966,0.7217728383467537,0.003907382765080687,1.5042287125267488,0.8180458797606099,1.5707948711341762,0.7217724167653863,0.721773602366835,0.7217728360223824,2414.8418003783954,174.53185924757216,1585.6904845489698
0,0,0,0,0,0,0,3441.6515313331215,1.5707963267948966,0.7248786933804923,0.001589469997288972,0.0,0.8206633245524739,1.5707956787206114,0.0,3.8664713514509867,0.7248786896531584,1390.674125200814,1088.9643316364122,1485.8554018895222
0,0,0,0,0,0,0,3629.995317444933,1.5707963267948966,0.7788409986704673,0.003717636913524032,0.1379726994757367,0.665318272219533,1.5707926417004194,3.9201902681025396,3.9204691770121083,0.778840975610581,1478.0532848525895,1138.9634427862507,1542.7857223028273
0,0,0,0,0,0,0,3576.8625781069068,1.5707963267948966,5.641373670721793,0.0027388483214640506,0.20870980237217318,0.030961713751977683,1.5707952841500774,2.515990386853803,6.015559165577033,5.641373697745732,2953.429394839959,316.70951774654594,518.2951727194613
0,0,0,0,0,0,0,306.24776166892906,0,0,0.0021590611512449166,0.0,0.0,0.0,0.0,0.0,0.0,23.45793572478793,128.75355120887465,153.73030965557794
0,0,0,0,0,0,0,2424.12926936103,0,0,0.003771352648056339,0.0,0.0,0.0,0.3301117317995506,0.9788779545019106,0.0,1003.5558880306212,595.9659682974792,822.1855934197106
0,0,0,0,0,0,0,763.7154278944405,0,0,0.0037291606079505246,0.0,0.0,0.0,0.0,0.11351469652607701,0.0,235.16319804103088,229.67100576626214,298.11852001777004
0,0,0,0,0,2701.623404022547,1696.5326492081317,2814.318802393921,1.5707963267948966,0.5607306557667023,0.00334511209993105,1.191216478027385,0.525411194805545,1.5707942587382158,0.5607050836957957,0.560772425985768,0.5607306511699263,1761.8264327478946,645.0776046863234,2146.546993518158
0,0,0,0,0,1062.6960331688374,1234.3215287315047,2437.3383936863843,1.5707963267948966,0.8599762566909831,0.0020484531320575624,3.1369672726205833,0.6096595230746336,1.570774453730361,1.7839900743892603,4.370408521566947,0.8599861981423199,1639.4193687103707,722.9622705987767,3721.95782881193
0,0,0,0,0,2630.7813027762027,1860.6596316890568,3624.0418539438733,1.5707963267948966,0.6155852037232262,0.0031747518962282504,0.22672845900943459,1.1249975127365126,1.570796311935653,0.1520004628298207,0.7204309560885996,0.6155851967779716,1823.405503817503,1802.6697155475972,2038.769421726186
0,0,0,0,0,2169.767836209532,2231.2172503990505,2325.0863073444975,1.5707963267948966,0.7993599060857368,0.002936495025500625,0.0,0.6368441784623258,1.570793451144788,3.481858509234055,0.7993599080833161,0.7993599011405165,399.1405850863243,456.6392875041851,3447.2531767194578
0,0,0,0,0,1292.9913521761039,1637.6056879412286,3686.632698098173,1.5707963267948966,0.9024524552603894,0.0025132296977129513,0.5428494218464696,0.43393402952279,1.570961292597956,0.6405686908452302,1.2958452178686362,0.9023289259183321,1993.0353708091077,1265.572578282281,1283.5309890453295
0,0,0,0,0,1800.1473971648618,1068.1870124034185,2324.649529531094,1.5707963267948966,0.5355440225998207,0.004197592877948919,0.8371173864814646,0.48009265273859053,1.5707948921095445,0.5355427902983214,0.5355455887847177,0.5355440181453034,477.87535068870744,1782.2643520839156,1005.2755511422579
0,0,0,0,0,2747.8768131611605,2463.9620109483008,3396.8350491765523,1.5707963267948966,0.7309769754984,0.0022654284784771393,0.615321066494785,1.2571972503566962,1.5707962968685707,0.1338084600484709,1.103275710388449,0.730977025112725,2098.607485545817,1853.8994656412528,1871.103783738237
0,0,0,0,0,1094.2441493700715,1928.4796959977912,2261.8078671340154,1.5707963267948966,1.0546826894984862,0.002724111223604204,1.3466276802554449,0.648592324217038,1.5707960988987426,1.0544514470313726,1.0560502198204407,1.0546826796008555,2558.116294386829,337.63161414169053,531.2155365804834
0,0,0,0,0,1338.0970648057328,2513.7378439886543,3996.0017016722877,1.5707963267948966,1.0816331773912693,0.003645740151551423,0.06931830505487248,1.6006460233422268,1.5707963193310701,0.7465468384642999,1.112686522897151,1.0816331748341192,2934.1315979492697,1787.1468401950508,1556.0417432493161
0,0,0,0,0,2292.570804055237,1976.3841236102264,2427.439951893115,1.5707963267948966,0.7114666281308499,0.003926588664886546,2.777650146467251,0.3554856863140697,1.5707962387041567,1.5703858217995768,4.8086429100035435,0.7114666122100596,1630.1198613927365,736.7811411233381,3360.733298846203
0,0,0,0,0,0,0,3225.7656905867507,1.5707963267948966,5.804382847704687,0.004266452973316851,1.1154708585824444,2.0257844848265014,1.5707547056525781,4.97801495565686,1.8364598010831763,5.804324807864992,1907.5579072418514,3195.604975969698,338.2631104460852
0,0,0,0,0,0,0,2886.3385918674485,1.5707963267948966,1.4445395987140137,0.002484308709110596,0.7150658565017077,0.36533102512970717,1.5707963207003433,3.958729394107219,5.640000620699413,1.4445395907392076,1163.5723571500964,1099.9939213212754,1306.095042148871
0,0,0,0,0,0,0,2693.6817846505473,1.5707963267948966,3.055635325778936,0.002446654968168085,0.16345943376838729,1.0817025707427697,1.5707940127508297,6.179303950334297,6.197662486411818,3.0556353293030485,304.6481749221881,750.3708395116513,2533.1537993910124
0,0,0,0,0,0,0,2041.0791438237138,1.5707963267948966,3.3785688493949224,0.0027889077529698165,0.1297598166950271,0.5716818865514034,1.5707957786455797,0.23102607334527572,0.23805841217057977,3.378568843894341,819.7528798089053,721.9307083633759,763.0675583792781
0,0,0,0,0,0,0,3852.219842306796,1.5707963267948966,1.2493908460613639,0.0015712663610357987,0.447539334216994,0.3020174183577453,1.570796307694464,4.367281282208075,4.418756377567185,1.2493908389800321,1603.1725323008372,1277.7366484764857,1608.111315111771
0,0,0,0,0,0,0,3541.2373708777327,1.5707963267948966,5.520548156842335,0.0037874695485277023,0.0,0.3544076507942995,1.5707949887435173,0.004490172654757911,2.3790203995553445,5.520548153644983,1764.1606229523843,1439.687936063444,519.0820779288613
0,0,0,0,0,0,0,2906.268637617109,1.5707963267948966,0.14430792508622742,0.0016278033441944077,0.7608488438667833,0.09429105412085269,1.5707963222481003,3.3381407156869103,2.9721705732821198,0.1443079214527347,1230.460298403968,975.9906086269608,1400.605031998832
0,0,0,0,0,0,0,2904.1242571602024,1.5707963267948966,3.3343028509849906,0.004162791835598165,0.12892562789194736,0.08230983414017534,1.5707949558205185,0.28173417660392114,6.283180970491455,3.334302855241306,1225.5687605077894,1438.6154980826166,379.58685612378366
0,0,0,0,0,0,0,3217.8417269763277,1.5707963267948966,1.5948076704077523,0.0016045439998351692,0.6502488405820813,0.11093792267114193,1.5707963215797498,4.632852254140423,5.230734163146127,1.5948076655474877,1304.765743177125,1182.3836512073399,1394.9212420232193
0,0,0,0,0,0,0,2136.970165825751,1.5707963267948966,5.987048106855567,0.004121863186251655,0.24421757600267627,0.0,1.5707952717038334,2.8454546800803433,6.009751475728224,5.987048104162704,1372.860021189661,547.2085242093118,367.04246779242385
